,turning and turning in the (All),and turning in the widening,turning in the widening gyre,mere anarchy is loosed upon (All),anarchy is loosed upon the,is loosed upon the world,The blood dimmed tide is,blood dimmed tide is loosed,dimmed tide is loosed and,tide is loosed and everywhere,the ceremony of innocence is (All),ceremony of innocence is drowned,the best lack all conviction (All),best lack all conviction while,lack all conviction while the,all conviction while the worst,surely some revelation is at (All),some revelation is at hand,Surely the Second Coming is,the second coming is at (All),second coming is at hand (All),Hardly are those words out,When a vast image out,a vast image out of,vast image out of Spiritus,image out of Spiritus Mundi,somewhere in sands of the (All),in sands of the desert,A shape with lion body,shape with lion body and,with lion body and the,lion body and the head,body and the head of,and the head of a (All),the head of a man (All),a gaze blank and pitiless (All),gaze blank and pitiless as,blank and pitiless as the,and pitiless as the sun,Is moving its slow thighs,Reel shadows of the indignant,shadows of the indignant desert,of the indignant desert birds,That twenty centuries of stony,twenty centuries of stony sleep,Were vexed to nightmare by,vexed to nightmare by a,to nightmare by a rocking,nightmare by a rocking cradle
1880,0.0,0.0,0.0,0.0,0.0,0.0,0.0,0.0,0.0,0.0,0.0,0.0,0.0,0.0,0.0,0.0,0.0,0.0,0.0,0.0,0.0,0.0,0.0,0.0,0.0,0.0,0.0,0.0,0.0,0.0,0.0,0.0,0.002819061428738223,0.11981011027728528,0.15363884697805474,0.0,0.0,0.0,0.0,0.0,0.0,0.0,0.0,0.0,0.0,0.0,0.0,0.0,0.0
1881,0.0,0.0,0.0,0.0,0.0,0.0,0.0,0.0,0.0,0.0,0.0,0.0,0.0,0.0,0.0,0.0,0.0,0.0,0.0,0.0,0.0,0.0,0.0,0.0,0.0,0.0,0.0,0.0,0.0,0.0,0.0,0.0,0.0,0.10788529891669896,0.1471163244559648,0.0,0.0,0.0,0.0,0.0,0.0,0.0,0.0,0.0,0.0,0.0,0.0,0.0,0.0
1882,0.0,0.0,0.0,0.0,0.0,0.0,0.0,0.0,0.0,0.0,0.0,0.0,0.0,0.0,0.0,0.0,0.0,0.0,0.0,0.0,0.0,0.0,0.0,0.0,0.0,0.0,0.0,0.0,0.0,0.0,0.0,0.0,0.00133531952162258,0.10281960549640701,0.12552002826016206,0.0,0.0,0.0,0.0,0.0,0.0,0.0,0.0,0.0,0.0,0.0,0.0,0.0,0.0
1883,0.0,0.0,0.0,0.0,0.0,0.0,0.0,0.0,0.0,0.0,0.0,0.0,0.0,0.0,0.0,0.0,0.0,0.0,0.0,0.0,0.0011887657525022632,0.0,0.0,0.0,0.0,0.0,0.0,0.0,0.0,0.0,0.0,0.0,0.005943828540466711,0.07608100682787722,0.12482040290251462,0.0,0.0,0.0,0.0,0.0,0.0,0.0,0.0,0.0,0.0,0.0,0.0,0.0,0.0
1884,0.0,0.0,0.0,0.0,0.0,0.0,0.0,0.0,0.0,0.0,0.0,0.0,0.0,0.0,0.0,0.0,0.0,0.0,0.0,0.0,0.0,0.0,0.0,0.0,0.0,0.0,0.0,0.0,0.0,0.0,0.0,0.0,0.002509964680541543,0.08910374349468952,0.11169342561956341,0.0,0.0,0.0,0.0,0.0,0.0,0.0,0.0,0.0,0.0,0.0,0.0,0.0,0.0
1885,0.0,0.0,0.0,0.0,0.0,0.0,0.0,0.0,0.0,0.0,0.0,0.0,0.0,0.0,0.0,0.0,0.0,0.0,0.0,0.0,0.0,0.0,0.0,0.0,0.0,0.0,0.0,0.0,0.0,0.0,0.0,0.0,0.002582144942309128,0.10199472200156379,0.14847333940082308,0.0,0.0,0.0,0.0,0.0,0.0,0.0,0.0,0.0,0.0,0.0,0.0,0.0,0.0
1886,0.0,0.0,0.0,0.0,0.0,0.0,0.0,0.0,0.0,0.0,0.0,0.0,0.0,0.0,0.0,0.0,0.0,0.0,0.0,0.0,0.0015222517690816062,0.0,0.0,0.0,0.0,0.0,0.0,0.0,0.0,0.0,0.0,0.0,0.0,0.10807987793626239,0.10960212570854111,0.0,0.0,0.0,0.0,0.0,0.0,0.0,0.0,0.0,0.0,0.0,0.0,0.0,0.0
1887,0.0,0.0,0.0,0.0,0.0,0.0,0.0,0.0,0.0,0.0,0.0,0.0,0.0,0.0,0.0,0.0,0.0,0.0,0.0,0.0,0.0,0.0,0.0,0.0,0.0,0.0,0.0,0.0,0.0,0.0,0.0,0.0,0.017939528973442975,0.11729692728223995,0.10211732037745946,0.0,0.0,0.0,0.0,0.0,0.0,0.0,0.0,0.0,0.0,0.0,0.0,0.0,0.0
1888,0.0,0.0,0.0,0.0,0.0,0.0,0.0,0.0,0.0,0.0,0.0,0.0,0.0,0.0,0.0,0.0,0.0,0.0,0.0,0.0,0.0,0.0,0.0,0.0,0.0,0.0,0.0,0.0,0.0,0.0,0.0,0.0,0.0013903833639972163,0.09315568449963507,0.11401143495959332,0.0,0.0,0.0,0.0,0.0,0.0,0.0,0.0,0.0,0.0,0.0,0.0,0.0,0.0
1889,0.0,0.0,0.0,0.0,0.0,0.0,0.0,0.0,0.0,0.0,0.0,0.0,0.0,0.0,0.0,0.0,0.0,0.0,0.0,0.0,0.0,0.0,0.0,0.0,0.0,0.0,0.0,0.0,0.0,0.0,0.0,0.0,0.004349768101263862,0.08264559880899469,0.15804157893484216,0.0,0.0,0.0,0.0,0.0,0.0,0.0,0.0,0.0,0.0,0.0,0.0,0.0,0.0
1890,0.0,0.0,0.0,0.0,0.0,0.0,0.0,0.0,0.0,0.0,0.0,0.0,0.0,0.0,0.0,0.0,0.0,0.0,0.0,0.0,0.0,0.0,0.0,0.0,0.0,0.0,0.0,0.0,0.0,0.0,0.0,0.0,0.012657883630140532,0.08860518363462688,0.16736535457528845,0.0,0.0,0.0,0.0,0.0,0.0,0.0,0.0,0.0,0.0,0.0,0.0,0.0,0.0
1891,0.0,0.0,0.0,0.0,0.0,0.0,0.0,0.0,0.0,0.0,0.0,0.0,0.0,0.0,0.0,0.0,0.0,0.0,0.0,0.0,0.0,0.0,0.0,0.0,0.0,0.0,0.0,0.0,0.0,0.0,0.0,0.0,0.0026036670597306966,0.13148518007710663,0.13669252041381696,0.0,0.0,0.0,0.0,0.0,0.0,0.0,0.0,0.0,0.0,0.0,0.0,0.0,0.0
1892,0.0,0.0,0.0,0.0,0.0,0.0,0.0,0.0,0.0,0.0,0.0,0.0,0.0,0.0,0.0,0.0,0.0,0.0,0.0,0.0,0.0,0.0,0.0,0.0,0.0,0.0,0.0,0.0,0.0,0.0,0.0,0.0,0.001183888098665875,0.09352715890642571,0.1408826864057744,0.0,0.0,0.0,0.0,0.0,0.0,0.0,0.0,0.0,0.0,0.0,0.0,0.0,0.0
1893,0.0,0.0,0.0,0.0,0.0,0.0,0.0,0.0,0.0,0.0,0.0,0.0,0.0,0.0,0.0,0.0,0.0,0.0,0.0,0.0,0.0,0.0,0.0,0.0,0.0,0.0,0.0,0.0,0.0,0.0,0.0,0.0,0.003624760047671316,0.10632630098594831,0.11599232152548211,0.0,0.0,0.0,0.0,0.0,0.0,0.0,0.0,0.0,0.0,0.0,0.0,0.0,0.0
1894,0.0,0.0,0.0,0.0,0.0,0.0,0.0,0.0,0.0,0.0,0.0,0.0,0.0,0.0,0.0,0.0,0.0,0.0,0.0,0.0,0.0036894121091535226,0.0,0.0,0.0,0.0,0.0,0.0,0.0,0.0,0.0,0.0,0.0,0.0012298040363845075,0.13650824826072494,0.07870745832860848,0.0,0.0,0.0,0.0,0.0,0.0,0.0,0.0,0.0,0.0,0.0,0.0,0.0,0.0
1895,0.0,0.0,0.0,0.0,0.0,0.0,0.0,0.0,0.0,0.0,0.0,0.0,0.0,0.0,0.0,0.0,0.0,0.0,0.0,0.004494463023974049,0.004494463023974049,0.0,0.0,0.0,0.0,0.0,0.0,0.0,0.0,0.0,0.0,0.0,0.0033708471569582343,0.09326010941279606,0.1438228228733962,0.0,0.0,0.0,0.0,0.0,0.0,0.0,0.0,0.0,0.0,0.0,0.0,0.0,0.0
1896,0.0,0.0,0.0,0.0,0.0,0.0,0.0,0.0,0.0,0.0,0.0,0.0,0.0,0.0,0.0,0.0,0.0,0.0,0.0,0.0,0.0,0.0,0.0,0.0,0.0,0.0,0.0,0.0,0.0,0.0,0.0,0.0,0.0,0.12750861344557052,0.1159169165099172,0.0,0.0,0.0,0.0,0.0,0.0,0.0,0.0,0.0,0.0,0.0,0.0,0.0,0.0
1897,0.0010738192557369075,0.0,0.0,0.0,0.0,0.0,0.0,0.0,0.0,0.0,0.0,0.0,0.0,0.0,0.0,0.0,0.0,0.0,0.0,0.0,0.0,0.0,0.0,0.0,0.0,0.0,0.0,0.0,0.0,0.0,0.0,0.0,0.0010738192557369075,0.09556991642512003,0.11597248139594285,0.0,0.0,0.0,0.0,0.0,0.0,0.0,0.0,0.0,0.0,0.0,0.0,0.0,0.0
1898,0.0,0.0,0.0,0.0,0.0,0.0,0.0,0.0,0.0,0.0,0.0,0.0,0.0,0.0,0.0,0.0,0.0,0.0,0.0,0.0,0.0,0.0,0.0,0.0,0.0,0.0,0.0,0.0,0.0,0.0,0.0,0.0,0.0029947626600801414,0.12178702490928117,0.13476432902947977,0.0,0.0,0.0,0.0,0.0,0.0,0.0,0.0,0.0,0.0,0.0,0.0,0.0,0.0
1899,0.0,0.0,0.0,0.0,0.0,0.0,0.0,0.0,0.0,0.0,0.0,0.0,0.0,0.0,0.0,0.0,0.0,0.0,0.0,0.0,0.0,0.0,0.0,0.0,0.0,0.0,0.0,0.0,0.0,0.0,0.0,0.0,0.0008982230514931189,0.10509209857900714,0.12575123253810716,0.0,0.0,0.0,0.0,0.0,0.0,0.0,0.0,0.0,0.0,0.0,0.0,0.0,0.0
1900,0.0,0.0,0.0,0.0,0.0,0.0,0.0,0.0,0.0,0.0,0.0,0.0,0.0,0.0,0.0,0.0,0.0,0.0,0.0,0.0,0.0,0.0,0.0,0.0,0.0,0.0,0.0,0.0,0.0,0.0,0.0,0.0,0.006603023017248688,0.1081245031286926,0.16259943735885685,0.0,0.0,0.0,0.0,0.0,0.0,0.0,0.0,0.0,0.0,0.0,0.0,0.0,0.0
1901,0.0008621106051265315,0.0,0.0,0.0,0.0,0.0,0.0,0.0,0.0,0.0,0.0,0.0,0.0,0.0,0.0,0.0,0.0,0.0,0.0,0.0,0.0,0.0,0.0,0.0,0.0,0.0,0.0,0.0,0.0,0.0,0.0,0.0,0.0025863318153795944,0.11466070759524882,0.1405240317442491,0.0,0.0,0.0,0.0,0.0,0.0,0.0,0.0,0.0,0.0,0.0,0.0,0.0,0.0
1902,0.002534913390306315,0.0,0.0,0.0,0.0,0.0,0.0,0.0,0.0,0.0,0.0,0.0,0.0,0.0,0.0,0.0,0.0,0.0,0.0,0.0,0.0,0.0,0.0,0.0,0.0,0.0,0.0,0.0,0.0,0.0,0.0,0.0,0.003379884594423288,0.08618705832352802,0.12843561592035257,0.0,0.0,0.0,0.0,0.0,0.0,0.0,0.0,0.0,0.0,0.0,0.0,0.0,0.0
1903,0.0,0.0,0.0,0.0,0.0,0.0,0.0,0.0,0.0,0.0,0.0,0.0,0.0,0.0,0.0,0.0,0.0,0.0,0.0,0.0,0.0,0.0,0.0,0.0,0.0,0.0,0.0,0.0,0.0,0.0,0.0,0.0,0.003500561396307944,0.07963777232111724,0.11639366598314993,0.0,0.0,0.0,0.0,0.0,0.0,0.0,0.0,0.0,0.0,0.0,0.0,0.0,0.0
1904,0.0,0.0,0.0,0.0,0.0,0.0,0.0,0.0,0.0,0.0,0.0,0.0,0.0,0.0,0.0,0.0,0.0,0.0,0.0,0.0,0.0,0.0,0.0,0.0,0.0,0.0,0.0,0.0,0.0,0.0,0.0,0.0,0.0039403507123836334,0.10875367451035345,0.15130945807406704,0.0,0.0,0.0,0.0,0.0,0.0,0.0,0.0,0.0,0.0,0.0,0.0,0.0,0.0
1905,0.0,0.0,0.0,0.0,0.0,0.0,0.0,0.0,0.0,0.0,0.0,0.0,0.0,0.0,0.0,0.0,0.0,0.0,0.0,0.0,0.0,0.0,0.0,0.0,0.0,0.0,0.0,0.0,0.0,0.0,0.0,0.0,0.0,0.09427260339034405,0.1287025961360655,0.0,0.0,0.0,0.0,0.0,0.0,0.0,0.0,0.0,0.0,0.0,0.0,0.0,0.0
1906,0.0007929164547171297,0.0007929164547171297,0.0007929164547171297,0.0007929164547171297,0.0007929164547171297,0.0007929164547171297,0.0,0.0,0.0,0.0,0.0,0.0,0.0,0.0,0.0,0.0,0.0,0.0,0.0,0.0,0.0,0.0,0.0,0.0,0.0,0.0,0.0,0.0,0.0,0.0,0.0,0.0,0.003964582440119102,0.0808774771599019,0.11100830676902262,0.0,0.0,0.0,0.0,0.0,0.0,0.0,0.0,0.0,0.0,0.0,0.0,0.0,0.0
1907,0.0,0.0,0.0,0.0,0.0,0.0,0.0,0.0,0.0,0.0,0.0,0.0,0.0,0.0,0.0,0.0,0.0,0.0,0.0,0.0,0.0,0.0,0.0,0.0,0.0,0.0,0.0,0.0,0.0,0.0,0.0,0.0,0.0015721549617708774,0.09983184107165144,0.12262809079288672,0.0,0.0,0.0,0.0,0.0,0.0,0.0,0.0,0.0,0.0,0.0,0.0,0.0,0.0
1908,0.0,0.0,0.0,0.0,0.0,0.0,0.0,0.0,0.0,0.0,0.0,0.0,0.0,0.0,0.0,0.0,0.0,0.0,0.0,0.0,0.0,0.0,0.0,0.0,0.0,0.0,0.0,0.0,0.0,0.0,0.0,0.0,0.0007823863223954675,0.09858067562262818,0.09936306011315565,0.0,0.0,0.0,0.0,0.0,0.0,0.0,0.0,0.0,0.0,0.0,0.0,0.0,0.0
1909,0.0,0.0,0.0,0.0,0.0,0.0,0.0,0.0,0.0,0.0,0.0,0.0,0.0,0.0,0.0,0.0,0.0,0.0,0.0,0.0,0.0,0.0,0.0,0.0,0.0,0.0,0.0,0.0,0.0,0.0,0.0,0.0,0.0034592160247370884,0.08475079016356801,0.11588373660664786,0.0,0.0,0.0,0.0,0.0,0.0,0.0,0.0,0.0,0.0,0.0,0.0,0.0,0.0
1910,0.0,0.0,0.0,0.0,0.0,0.0,0.0,0.0,0.0,0.0,0.0,0.0,0.0,0.0,0.0,0.0,0.0,0.0,0.0,0.0,0.0,0.0,0.0,0.0,0.0,0.0,0.0,0.0,0.0,0.0,0.0,0.0,0.008188880684656397,0.13347875871261294,0.13757319017315695,0.0,0.0,0.0,0.0,0.0,0.0,0.0,0.0,0.0,0.0,0.0,0.0,0.0,0.0
1911,0.0,0.0,0.0,0.0,0.0,0.0,0.0,0.0,0.0,0.0,0.0,0.0,0.0,0.0,0.0,0.0,0.0,0.0,0.0,0.0,0.0,0.0,0.0,0.0,0.0,0.0,0.0,0.0,0.0,0.0,0.0,0.0,0.0016427025295584485,0.10431161001633882,0.0960980959807678,0.0,0.0,0.0,0.0,0.0,0.0,0.0,0.0,0.0,0.0,0.0,0.0,0.0,0.0
1912,0.0,0.0,0.0,0.0,0.0,0.0,0.0,0.0,0.0,0.0,0.0,0.0,0.0,0.0,0.0,0.0,0.0,0.0,0.0,0.0,0.0,0.0,0.0,0.0,0.0,0.0,0.0,0.0,0.0,0.0,0.0,0.0,0.0023254860259669385,0.08836846421278466,0.09767040998198695,0.0,0.0,0.0,0.0,0.0,0.0,0.0,0.0,0.0,0.0,0.0,0.0,0.0,0.0
1913,0.0,0.0,0.0,0.0,0.0,0.0,0.0,0.0,0.0,0.0,0.0,0.0,0.0,0.0,0.0,0.0,0.0,0.0,0.0,0.0,0.0,0.0,0.0,0.0,0.0,0.0,0.0,0.0,0.0,0.0,0.0,0.0,0.0032709053243706876,0.09730943162367112,0.1103930546975107,0.0,0.0,0.0,0.0,0.0,0.0,0.0,0.0,0.0,0.0,0.0,0.0,0.0,0.0
1914,0.0,0.0,0.0,0.0,0.0,0.0,0.0,0.0,0.0,0.0,0.0,0.0,0.0,0.0,0.0,0.0,0.0,0.0,0.0,0.0,0.0,0.0,0.0,0.0,0.0,0.0,0.0,0.0,0.0,0.0,0.0,0.0,0.01172917674097107,0.10137359973683147,0.1265075477707711,0.0,0.0,0.0,0.0,0.0,0.0,0.0,0.0,0.0,0.0,0.0,0.0,0.0,0.0
1915,0.0,0.0,0.0,0.0,0.0,0.0,0.0,0.0,0.0,0.0,0.0,0.0,0.0,0.0,0.0,0.0,0.0,0.0,0.0,0.0,0.0,0.0,0.0,0.0,0.0,0.0,0.0,0.0,0.0,0.0,0.0,0.0,0.006418512832340184,0.07702215731875128,0.0944438338645881,0.0,0.0,0.0,0.0,0.0,0.0,0.0,0.0,0.0,0.0,0.0,0.0,0.0,0.0
1916,0.0,0.0,0.0,0.0,0.0,0.0009452129079434712,0.0,0.0,0.0,0.0,0.0,0.0,0.0,0.0,0.0,0.0,0.0,0.0,0.0,0.0,0.0,0.0,0.0,0.0,0.0,0.0,0.0,0.0,0.0,0.0,0.0,0.0,0.002835638834852716,0.08695958575444251,0.08601437351263286,0.0,0.0,0.0,0.0,0.0,0.0,0.0,0.0,0.0,0.0,0.0,0.0,0.0,0.0
1917,0.0018765620168892383,0.0,0.0,0.0,0.0,0.0,0.0,0.0,0.0,0.0,0.0,0.0,0.0,0.0,0.0,0.0,0.0,0.0,0.0,0.0,0.0,0.0,0.0,0.0,0.0,0.0,0.0,0.0,0.0,0.0,0.0,0.0,0.0028148430253338574,0.10414919415779877,0.0844452898718373,0.0,0.0,0.0,0.0,0.0,0.0,0.0,0.0,0.0,0.0,0.0,0.0,0.0,0.0
1918,0.0010671965533504135,0.0,0.0,0.0,0.0,0.0,0.0,0.0,0.0,0.0,0.0,0.0,0.0,0.0,0.0,0.0,0.0,0.0,0.0,0.0,0.0,0.0,0.0,0.0,0.0,0.0,0.0,0.0,0.0,0.0,0.0,0.0,0.0074703763175421045,0.07043497163294887,0.08217413105526816,0.0,0.0,0.0,0.0,0.0,0.0,0.0,0.0,0.0,0.0,0.0,0.0,0.0,0.0
1919,0.0,0.0,0.0,0.0,0.0,0.0,0.0,0.0,0.0,0.0,0.0,0.0,0.0,0.0,0.0,0.0,0.0,0.0,0.0,0.0,0.0,0.0,0.0,0.0,0.0,0.0,0.0,0.0,0.0,0.0,0.0,0.0,0.006826045950703019,0.05070776865068183,0.07118590494847865,0.0,0.0,0.0,0.0,0.0,0.0,0.0,0.0,0.0,0.0,0.0,0.0,0.0,0.0
1920,0.0015969919830993717,0.0015969919830993717,0.0015969919830993717,0.0015969919830993717,0.0015969919830993717,0.0015969919830993717,0.0,0.0,0.0,0.0,0.0015969919830993717,0.0015969919830993717,0.0015969919830993717,0.0,0.0,0.0,0.0015969919830993717,0.0015969919830993717,0.0015969919830993717,0.0015969919830993717,0.0015969919830993717,0.0015969919830993717,0.0015969919830993717,0.0015969919830993717,0.0015969919830993717,0.0015969919830993717,0.0,0.0015969919830993717,0.0015969919830993717,0.0015969919830993717,0.0015969919830993717,0.0015969919830993717,0.00878345574051309,0.08703606368953842,0.07825260667226885,0.0015969919830993717,0.0015969919830993717,0.0015969919830993717,0.0015969919830993717,0.0015969919830993717,0.0,0.0015969919830993717,0.0015969919830993717,0.0,0.0,0.0015969919830993717,0.0015969919830993717,0.0015969919830993717,0.0015969919830993717
1921,0.00455808146782033,0.00455808146782033,0.00455808146782033,0.0018232325649236714,0.00455808146782033,0.00455808146782033,0.0,0.0,0.002734848791874356,0.002734848791874356,0.00455808146782033,0.00455808146782033,0.00455808146782033,0.00455808146782033,0.00455808146782033,0.00455808146782033,0.0,0.0,0.0,0.0,0.0,0.0,0.0,0.0,0.0,0.0,0.0,0.0,0.0,0.0,0.0,0.0,0.0,0.07657576972519564,0.09754294472141822,0.0,0.0,0.0,0.0,0.0,0.0,0.0,0.0,0.0,0.0,0.0,0.0,0.0,0.0
1922,0.0,0.0007847140715000478,0.0007847140715000478,0.0007847140715000478,0.0007847140715000478,0.0007847140715000478,0.0,0.0,0.0,0.0,0.0,0.0007847140715000478,0.0007847140715000478,0.0,0.0,0.0,0.0007847140715000478,0.0007847140715000478,0.0,0.0007847140715000478,0.0007847140715000478,0.0007847140715000478,0.0007847140715000478,0.0007847140715000478,0.0007847140715000478,0.0007847140715000478,0.0007847140715000478,0.0007847140715000478,0.0007847140715000478,0.0007847140715000478,0.0007847140715000478,0.0007847140715000478,0.0015694281430000956,0.09573511317029215,0.09887397389718444,0.0007847140715000478,0.0007847140715000478,0.0007847140715000478,0.0007847140715000478,0.0007847140715000478,0.0007847140715000478,0.0007847140715000478,0.0007847140715000478,0.0007847140715000478,0.0007847140715000478,0.0007847140715000478,0.0007847140715000478,0.0007847140715000478,0.0007847140715000478
1923,0.0009617842078313288,0.0,0.0,0.0,0.0,0.0,0.0,0.0,0.0,0.0,0.0,0.0,0.0,0.0,0.0,0.0,0.0,0.0,0.0,0.0,0.0,0.0,0.0,0.0,0.0,0.0,0.0,0.0,0.0,0.0,0.0,0.0,0.0019235684156626576,0.09714020365869658,0.09906377274049305,0.0,0.0,0.0,0.0,0.0,0.0,0.0,0.0,0.0,0.0,0.0,0.0,0.0,0.0
1924,0.0010363403468716115,0.0010363403468716115,0.0010363403468716115,0.0010363403468716115,0.0010363403468716115,0.0010363403468716115,0.0,0.0,0.0,0.0,0.0010363403468716115,0.0010363403468716115,0.0010363403468716115,0.0,0.0,0.0,0.0010363403468716115,0.0010363403468716115,0.0010363403468716115,0.0010363403468716115,0.0010363403468716115,0.0010363403468716115,0.0010363403468716115,0.0010363403468716115,0.0010363403468716115,0.0010363403468716115,0.0010363403468716115,0.0010363403468716115,0.0010363403468716115,0.0010363403468716115,0.0010363403468716115,0.0010363403468716115,0.002072680693743223,0.09741599171775306,0.10570671626908279,0.0010363403468716115,0.0010363403468716115,0.0010363403468716115,0.0010363403468716115,0.0010363403468716115,0.0010363403468716115,0.0010363403468716115,0.0010363403468716115,0.0010363403468716115,0.0010363403468716115,0.0010363403468716115,0.0010363403468716115,0.0010363403468716115,0.0010363403468716115
1925,0.0,0.0,0.0,0.0,0.0,0.0,0.0,0.0,0.0,0.0,0.0,0.0,0.0,0.0,0.0,0.0,0.0,0.0,0.0,0.0,0.0,0.0,0.0,0.0,0.0,0.0,0.0,0.0,0.0,0.0,0.0,0.0,0.01095421264807328,0.10555878071638602,0.12049634312560897,0.0,0.0,0.0,0.0,0.0,0.0,0.0,0.0,0.0,0.0,0.0,0.0,0.0,0.0
1926,0.002104194596341813,0.002104194596341813,0.002104194596341813,0.002104194596341813,0.002104194596341813,0.002104194596341813,0.0,0.0,0.0010520972981709065,0.0010520972981709065,0.002104194596341813,0.002104194596341813,0.002104194596341813,0.0010520972981709065,0.0010520972981709065,0.0010520972981709065,0.0010520972981709065,0.0010520972981709065,0.0010520972981709065,0.0010520972981709065,0.0010520972981709065,0.0010520972981709065,0.0010520972981709065,0.0010520972981709065,0.0010520972981709065,0.0010520972981709065,0.0010520972981709065,0.0010520972981709065,0.0010520972981709065,0.0010520972981709065,0.0010520972981709065,0.0010520972981709065,0.006312583789025439,0.08942827300906231,0.08101149351347203,0.0010520972981709065,0.0010520972981709065,0.0010520972981709065,0.0010520972981709065,0.0010520972981709065,0.0010520972981709065,0.0010520972981709065,0.0010520972981709065,0.0010520972981709065,0.0010520972981709065,0.0010520972981709065,0.0010520972981709065,0.0010520972981709065,0.0010520972981709065
1927,0.0,0.0,0.0,0.0009105367571038414,0.0009105367571038414,0.0009105367571038414,0.0,0.0,0.0,0.0,0.0,0.0,0.0,0.0,0.0,0.0,0.0,0.0,0.0,0.0009105367571038414,0.0,0.0,0.0,0.0,0.0,0.0,0.0,0.0,0.0,0.0,0.0,0.0,0.004552683563474602,0.096516896919141,0.11290655699269792,0.0,0.0,0.0,0.0,0.0,0.0,0.0,0.0,0.0,0.0,0.0,0.0,0.0,0.0
1928,0.0027388548096141108,0.0018259032064094072,0.0018259032064094072,0.0027388549206364132,0.0027388549206364132,0.0027388549206364132,0.0,0.0,0.0,0.0,0.0027388549206364132,0.0027388549206364132,0.0027388549206364132,0.0,0.0,0.0,0.0018259032064094072,0.0018259032064094072,0.0018259032064094072,0.0018259032064094072,0.0027388549206364132,0.0018259032064094072,0.0018259032064094072,0.0018259032064094072,0.0018259032064094072,0.0018259032064094072,0.0018259032064094072,0.0018259032064094072,0.0018259032064094072,0.0018259032064094072,0.0018259032064094072,0.0018259032064094072,0.0018259032064094072,0.11685780176851068,0.08490449987519355,0.0018259032064094072,0.0018259032064094072,0.0018259032064094072,0.0018259032064094072,0.0018259032064094072,0.0018259032064094072,0.0018259032064094072,0.0018259032064094072,0.0018259032064094072,0.0018259032064094072,0.0018259032064094072,0.0018259032064094072,0.0018259032064094072,0.0018259032064094072
1929,0.0009607279416457004,0.0,0.0,0.0,0.0,0.0,0.0,0.0,0.0,0.0,0.0,0.0,0.0,0.0,0.0,0.0,0.0,0.0,0.0,0.0,0.0,0.0,0.0,0.0,0.0,0.0,0.0,0.0,0.0,0.0,0.0,0.0,0.0,0.08646551430402383,0.07397604884218367,0.0,0.0,0.0,0.0,0.0,0.0,0.0,0.0,0.0,0.0,0.0,0.0,0.0,0.0
1930,0.0,0.0,0.0,0.0,0.0,0.0,0.0,0.0,0.0,0.0,0.0,0.0,0.0,0.0,0.0,0.0,0.0,0.0,0.0,0.0,0.0,0.0,0.0,0.0,0.0,0.0,0.0,0.0,0.0,0.0,0.0,0.0008893309977331398,0.00444665504417685,0.1147236989851308,0.10316239540397731,0.0,0.0,0.0,0.0,0.0,0.0,0.0,0.0,0.0,0.0,0.0,0.0,0.0,0.0
1931,0.0,0.0,0.0,0.0,0.0,0.0,0.0,0.0,0.0,0.0,0.0,0.0,0.0,0.0,0.0,0.0,0.0,0.0,0.0,0.0,0.0,0.0,0.0,0.0,0.0,0.0,0.0,0.0,0.0,0.0,0.0,0.0,0.0018714292338017913,0.09825003388641562,0.07766431320277434,0.0,0.0,0.0,0.0,0.0,0.0,0.0,0.0,0.0,0.0,0.0,0.0,0.0,0.0
1932,0.0,0.0,0.0,0.0,0.0,0.0,0.0,0.0,0.0,0.0,0.0,0.0,0.0,0.0,0.0,0.0,0.0,0.0,0.0,0.0,0.0,0.0,0.0,0.0,0.0,0.0,0.0,0.0,0.0,0.0,0.0,0.0,0.0031379867593273048,0.09832358782713158,0.07635768350944261,0.0,0.0,0.0,0.0,0.0,0.0,0.0,0.0,0.0,0.0,0.0,0.0,0.0,0.0
1933,0.0,0.0,0.0,0.0,0.0,0.0,0.0,0.0,0.0,0.0,0.0,0.0,0.0,0.0,0.0,0.0,0.0,0.0,0.0,0.0,0.0,0.0,0.0,0.0,0.0,0.0,0.0,0.0,0.0,0.0,0.0,0.0,0.001209131905710592,0.08826663133731927,0.07254791256627868,0.0,0.0,0.0,0.0,0.0,0.0,0.0,0.0,0.0,0.0,0.0,0.0,0.0,0.0
1934,0.0,0.0,0.0,0.0,0.0,0.0,0.0,0.0,0.0,0.0,0.0,0.0,0.002100444262964629,0.0,0.0,0.0,0.0,0.0,0.0,0.0,0.0,0.0,0.0,0.0,0.0,0.0,0.0,0.0,0.0,0.0,0.0,0.0,0.0031506663944469437,0.10082132728683746,0.09767065645149842,0.0,0.0,0.0,0.0,0.0,0.0,0.0,0.0,0.0,0.0,0.0,0.0,0.0,0.0
1935,0.0009570334524866553,0.0,0.0,0.005742200492875327,0.005742200492875327,0.005742200492875327,0.0,0.0,0.0,0.0,0.003828133809946621,0.003828133809946621,0.0019140669049733106,0.0,0.0,0.0,0.0,0.0,0.0,0.0,0.0,0.0,0.0,0.0,0.0,0.0,0.0,0.0,0.0,0.0,0.0,0.0,0.0066992340563842845,0.08134784568181175,0.08421894237553573,0.0,0.0,0.0,0.0,0.0,0.0,0.0,0.0,0.0,0.0,0.0,0.0,0.0,0.0
1936,0.0009230671227378195,0.0009230671227378195,0.0009230671227378195,0.009230671338400498,0.009230671338400498,0.009230671338400498,0.0,0.0,0.0,0.0,0.005538402625404615,0.005538402625404615,0.007384536981902556,0.0,0.0,0.0,0.0009230671227378195,0.0009230671227378195,0.0009230671227378195,0.0009230671227378195,0.0009230671227378195,0.0009230671227378195,0.0009230671227378195,0.0009230671227378195,0.0009230671227378195,0.0009230671227378195,0.0009230671227378195,0.0009230671227378195,0.0009230671227378195,0.0009230671227378195,0.0009230671227378195,0.0009230671227378195,0.001846134245475639,0.07753763808793224,0.08030684134352484,0.0009230671227378195,0.0009230671227378195,0.0009230671227378195,0.0009230671227378195,0.0009230671227378195,0.0009230671227378195,0.0009230671227378195,0.0009230671227378195,0.0009230671227378195,0.0009230671227378195,0.0009230671227378195,0.0009230671227378195,0.0009230671227378195,0.0009230671227378195
1937,0.003597066422500461,0.0017985332112502306,0.0017985332112502306,0.0017985332112502306,0.0017985332112502306,0.0017985332112502306,0.0,0.0,0.0,0.0,0.0008992666056251153,0.0017985332112502306,0.0017985332112502306,0.0,0.0,0.0,0.0017985332112502306,0.0017985332112502306,0.0,0.0,0.0,0.0017985332112502306,0.0017985332112502306,0.0017985332112502306,0.0017985332112502306,0.0017985332112502306,0.0017985332112502306,0.0017985332112502306,0.0017985332112502306,0.0017985332112502306,0.0017985332112502306,0.0017985332112502306,0.007194132845000922,0.09891932961636485,0.08093399744835139,0.0017985332112502306,0.0017985332112502306,0.0017985332112502306,0.0017985332112502306,0.0017985332112502306,0.0017985332112502306,0.0017985332112502306,0.0017985332112502306,0.0017985332112502306,0.0017985332112502306,0.0017985332112502306,0.0017985332112502306,0.0017985332112502306,0.0017985332112502306
1938,0.004387850860432252,0.0026327104940548907,0.0026327104940548907,0.01140841199287479,0.01140841199287479,0.01140841199287479,0.0,0.0,0.0017551403663773613,0.0017551403663773613,0.006142991448854218,0.006142991448854218,0.005265420988109781,0.0017551403663773613,0.0017551403663773613,0.0017551403663773613,0.0008775701831886806,0.0008775701831886806,0.0,0.0008775701831886806,0.0008775701831886806,0.0,0.0,0.0,0.0,0.0,0.0,0.0,0.0,0.0,0.0,0.0,0.0026327104940548907,0.0737158964980722,0.071083185892995,0.0,0.0,0.0,0.0,0.0,0.0,0.0,0.0,0.0,0.0,0.0,0.0,0.0,0.0
1939,0.011524059151390986,0.008864661005247854,0.008864661005247854,0.014183457075489514,0.014183457075489514,0.014183457075489514,0.0,0.0,0.0,0.0,0.006205262526037814,0.006205262526037814,0.008864661005247854,0.0,0.0,0.0,0.00797819499354091,0.00797819499354091,0.00531879651433087,0.00531879651433087,0.00531879651433087,0.004432330502623927,0.00531879651433087,0.00531879651433087,0.00531879651433087,0.00531879651433087,0.00531879651433087,0.00531879651433087,0.006205262526037814,0.006205262526037814,0.006205262526037814,0.006205262526037814,0.009751127016954797,0.08687367625270781,0.07889548225836762,0.004432330502623927,0.004432330502623927,0.004432330502623927,0.004432330502623927,0.00531879651433087,0.00531879651433087,0.00531879651433087,0.00531879651433087,0.00531879651433087,0.00531879651433087,0.00531879651433087,0.006205262526037814,0.006205262526037814,0.006205262526037814
1940,0.004701155464914564,0.004701155464914564,0.004701155464914564,0.005641386913168844,0.005641386913168844,0.005641386913168844,0.0,0.0,0.0,0.0,0.003760924460749493,0.003760924460749493,0.006581617917333915,0.0,0.0,0.0,0.002820693456584422,0.002820693456584422,0.002820693456584422,0.002820693456584422,0.002820693456584422,0.0009402311151873732,0.0018804622303747465,0.0018804622303747465,0.0018804622303747465,0.0018804622303747465,0.0018804622303747465,0.0018804622303747465,0.002820693456584422,0.002820693456584422,0.002820693456584422,0.002820693456584422,0.009402310929829127,0.07991964290354758,0.06299548260813026,0.0009402311151873732,0.0009402311151873732,0.0009402311151873732,0.0009402311151873732,0.0018804622303747465,0.0018804622303747465,0.0018804622303747465,0.0018804622303747465,0.0018804622303747465,0.0018804622303747465,0.0018804622303747465,0.002820693456584422,0.002820693456584422,0.002820693456584422
1941,0.0010227111379990106,0.0010227111379990106,0.0010227111379990106,0.004090844551996042,0.004090844551996042,0.004090844551996042,0.0,0.0,0.0,0.0,0.0010227111379990106,0.0010227111379990106,0.01329524490500944,0.0,0.0,0.0,0.0030681333029747293,0.0030681333029747293,0.0030681333029747293,0.0030681333029747293,0.0030681333029747293,0.0,0.0,0.0,0.0,0.0,0.0030681333029747293,0.0030681333029747293,0.002045422275998021,0.002045422275998021,0.002045422275998021,0.002045422275998021,0.0030681333029747293,0.0736351992713935,0.056249110924611045,0.0030681333029747293,0.0030681333029747293,0.0030681333029747293,0.0030681333029747293,0.0030681333029747293,0.0,0.0,0.0,0.0030681333029747293,0.0030681333029747293,0.0030681333029747293,0.0030681333029747293,0.0030681333029747293,0.0030681333029747293
1942,0.0063680409834177,0.005306700856522184,0.005306700856522184,0.009552061364104247,0.009552061364104247,0.009552061364104247,0.0,0.0,0.0,0.0,0.011674741173806069,0.01379742187168631,0.007429380666224006,0.0021226802537910316,0.0021226802537910316,0.0021226802537910316,0.005306700856522184,0.005306700856522184,0.005306700856522184,0.005306700856522184,0.005306700856522184,0.005306700856522184,0.005306700856522184,0.005306700856522184,0.005306700856522184,0.005306700856522184,0.005306700856522184,0.005306700856522184,0.005306700856522184,0.005306700856522184,0.005306700856522184,0.005306700856522184,0.011674741173806069,0.058373707645387185,0.0700484505955501,0.005306700856522184,0.005306700856522184,0.005306700856522184,0.005306700856522184,0.005306700856522184,0.005306700856522184,0.005306700856522184,0.005306700856522184,0.005306700856522184,0.005306700856522184,0.005306700856522184,0.005306700856522184,0.005306700856522184,0.005306700856522184
1943,0.0012452379127836366,0.0,0.0,0.0037357139603955147,0.0037357139603955147,0.0037357139603955147,0.0,0.0,0.0,0.0,0.002490475825567273,0.0,0.012452379127836366,0.0012452379127836366,0.0012452379127836366,0.0012452379127836366,0.002490475825567273,0.002490475825567273,0.002490475825567273,0.002490475825567273,0.002490475825567273,0.002490475825567273,0.002490475825567273,0.002490475825567273,0.002490475825567273,0.002490475825567273,0.002490475825567273,0.002490475825567273,0.002490475825567273,0.002490475825567273,0.002490475825567273,0.002490475825567273,0.0074714279207910295,0.05977142092383758,0.05479046905065843,0.002490475825567273,0.002490475825567273,0.002490475825567273,0.002490475825567273,0.002490475825567273,0.002490475825567273,0.002490475825567273,0.002490475825567273,0.002490475825567273,0.002490475825567273,0.002490475825567273,0.002490475825567273,0.002490475825567273,0.002490475825567273
1944,0.0027295661286785844,0.0027295661286785844,0.0027295661286785844,0.005459132257357169,0.005459132257357169,0.005459132257357169,0.0,0.0,0.0013647830643392922,0.0013647830643392922,0.005459132257357169,0.004094349304040179,0.010918264514714338,0.0027295661286785844,0.0027295661286785844,0.0027295661286785844,0.0,0.0,0.0,0.0,0.0,0.0,0.0,0.0,0.0,0.0,0.0,0.0,0.0,0.0,0.0,0.0,0.0013647830643392922,0.08871089918205399,0.06550958886464286,0.0,0.0,0.0,0.0,0.0,0.0,0.0,0.0,0.0,0.0,0.0,0.0,0.0,0.0
1945,0.003585228114388883,0.0023901520762592554,0.0023901520762592554,0.013145836419425905,0.013145836419425905,0.013145836419425905,0.0,0.0,0.0,0.0,0.013145836419425905,0.013145836419425905,0.014340912457555532,0.0,0.0,0.0,0.0023901520762592554,0.0023901520762592554,0.0023901520762592554,0.0023901520762592554,0.007170456228777766,0.0023901520762592554,0.0011950760381296277,0.0023901520762592554,0.0023901520762592554,0.0011950760381296277,0.0023901520762592554,0.0023901520762592554,0.0023901520762592554,0.003585228114388883,0.003585228114388883,0.003585228114388883,0.0059753801906481385,0.05377842171583325,0.0693144102115184,0.003585228114388883,0.003585228114388883,0.003585228114388883,0.003585228114388883,0.0023901520762592554,0.0023901520762592554,0.0023901520762592554,0.0023901520762592554,0.0011950760381296277,0.0023901520762592554,0.0023901520762592554,0.0023901520762592554,0.0023901520762592554,0.0023901520762592554
1946,0.006441593369821419,0.005521365586957927,0.005521365586957927,0.006441593480843721,0.006441593480843721,0.006441593480843721,0.0,0.0,0.0,0.0,0.0082820488245261,0.0082820488245261,0.006441593480843721,0.0,0.0,0.0,0.0018404552326600765,0.0018404552326600765,0.0018404552326600765,0.0018404552326600765,0.0018404552326600765,0.0018404552326600765,0.0018404552326600765,0.0018404552326600765,0.0009202276163300382,0.0009202276163300382,0.0018404552326600765,0.0018404552326600765,0.0018404552326600765,0.0018404552326600765,0.0018404552326600765,0.0018404552326600765,0.007361820930640306,0.07729911999376782,0.05245297546307981,0.0018404552326600765,0.0018404552326600765,0.0018404552326600765,0.0018404552326600765,0.0018404552326600765,0.0018404552326600765,0.0018404552326600765,0.0018404552326600765,0.0027606827934789635,0.0027606827934789635,0.0027606827934789635,0.0027606827934789635,0.0027606827934789635,0.0027606827934789635
1947,0.0063855969401060975,0.0063855969401060975,0.005587397211570533,0.0063855969401060975,0.0063855969401060975,0.0063855969401060975,0.0,0.0,0.0,0.0,0.008780196125712791,0.008780196125712791,0.008780195903668186,0.0,0.0,0.0,0.0031927984700530487,0.0031927984700530487,0.0031927984700530487,0.0047891978161018756,0.0047891978161018756,0.0031927984700530487,0.0031927984700530487,0.0031927984700530487,0.0031927984700530487,0.0031927984700530487,0.0031927984700530487,0.0031927984700530487,0.002394598741517484,0.002394598741517484,0.002394598741517484,0.002394598741517484,0.0063855969401060975,0.07343436436713091,0.06864516421956068,0.0031927984700530487,0.0031927984700530487,0.0031927984700530487,0.0031927984700530487,0.0031927984700530487,0.002394598741517484,0.0031927984700530487,0.0031927984700530487,0.0031927984700530487,0.0031927984700530487,0.0031927984700530487,0.0031927984700530487,0.0031927984700530487,0.0031927984700530487
1948,0.007444073801821105,0.007444073801821105,0.007444073801821105,0.008932888206913958,0.008932888206913958,0.008932888206913958,0.0,0.0,0.0,0.0,0.004466444269990433,0.004466444103456979,0.0052108517500926155,0.0,0.0,0.0,0.0037220369009105525,0.0037220369009105525,0.0022332220517284895,0.0022332220517284895,0.0022332220517284895,0.0014888147381597605,0.0014888147381597605,0.0014888147381597605,0.0007444073690798803,0.0007444073690798803,0.0014888147381597605,0.0014888147381597605,0.002977629476319521,0.002977629476319521,0.002977629476319521,0.002977629476319521,0.004466444103456979,0.09900617992109062,0.07667395718335968,0.002977629476319521,0.002977629476319521,0.002977629476319521,0.002977629476319521,0.002977629476319521,0.0014888147381597605,0.0014888147381597605,0.0014888147381597605,0.0014888147381597605,0.0014888147381597605,0.0014888147381597605,0.0014888147381597605,0.0014888147381597605,0.0014888147381597605
1949,0.010782334802783566,0.010782335024828171,0.010782335024828171,0.009434542924680045,0.009434542924680045,0.012130127124976298,0.0,0.0,0.0,0.0,0.007412855551613973,0.006738959612562212,0.01886908584936009,0.0,0.0,0.0,0.0047172714623400225,0.0047172714623400225,0.0047172714623400225,0.0047172714623400225,0.0047172714623400225,0.003369479806281106,0.003369479806281106,0.005391167512414086,0.0047172714623400225,0.004043375412265959,0.007412855218547065,0.007412855218547065,0.005391167512414086,0.005391167512414086,0.005391167512414086,0.005391167512414086,0.012130127124976298,0.08288919906007663,0.06334622160153458,0.009434542924680045,0.009434542924680045,0.009434542924680045,0.009434542924680045,0.007412855218547065,0.005391167512414086,0.005391167512414086,0.005391167512414086,0.009434542924680045,0.009434542924680045,0.009434542924680045,0.009434542924680045,0.009434542924680045,0.009434542924680045
1950,0.0020169910186496054,0.0020169910186496054,0.0020169910186496054,0.003361651845779079,0.003361651845779079,0.004033982037299211,0.0,0.0,0.0006723303580535855,0.0006723303580535855,0.002689321432214342,0.002689321432214342,0.008067964074598422,0.0,0.0,0.0,0.0,0.0,0.0,0.001344660716107171,0.0033616517347567765,0.0,0.0,0.0,0.0,0.0,0.001344660716107171,0.001344660716107171,0.001344660716107171,0.001344660716107171,0.001344660716107171,0.001344660716107171,0.005378642864428684,0.07664566287202135,0.06656070361543698,0.001344660716107171,0.001344660716107171,0.001344660716107171,0.001344660716107171,0.001344660716107171,0.001344660716107171,0.001344660716107171,0.001344660716107171,0.0,0.0,0.0,0.0,0.0,0.0
1951,0.008972315335142866,0.008972315335142866,0.008972315335142866,0.007591959061414855,0.00828213675418965,0.00828213675418965,0.0,0.0,0.0,0.0,0.006211602787686843,0.006211602787686843,0.013803561182967883,0.0,0.0,0.0,0.012423205131284476,0.012423205575373686,0.010352671608870878,0.014493739541876494,0.013113383268148482,0.005521424650822837,0.005521424650822837,0.005521424650822837,0.005521424650822837,0.005521424650822837,0.005521424650822837,0.005521424650822837,0.004831246513958831,0.004831246513958831,0.004831246513958831,0.004831246513958831,0.006211602787686843,0.05728477958655276,0.08006065610466351,0.005521424650822837,0.005521424650822837,0.005521424650822837,0.005521424650822837,0.004831246513958831,0.004831246513958831,0.004141068377094825,0.004831246513958831,0.005521424650822837,0.007591959061414855,0.005521424650822837,0.007591959061414855,0.007591959061414855,0.006901780924550849
1952,0.01227358920052879,0.011591723136916698,0.011591723136916698,0.016364785082600974,0.017046652089902636,0.017046652089902636,0.0,0.0,0.0,0.0,0.015682919851656152,0.015682919851656152,0.019774116566395605,0.0,0.0,0.0,0.00613679462801997,0.00613679462801997,0.00613679462801997,0.00613679462801997,0.007500526422177245,0.007500526422177245,0.006818660747143213,0.007500526422177245,0.00613679462801997,0.00613679462801997,0.00613679462801997,0.00613679462801997,0.007500526422177245,0.007500526422177245,0.007500526422177245,0.007500526422177245,0.010227990898670214,0.09273378676066812,0.07705086513265513,0.008182392541300487,0.00886425866042373,0.00886425866042373,0.00886425866042373,0.007500526422177245,0.007500526422177245,0.007500526422177245,0.007500526422177245,0.00613679462801997,0.00613679462801997,0.00613679462801997,0.00613679462801997,0.00613679462801997,0.00613679462801997
1953,0.009742579298865905,0.008350782287891434,0.008350782287891434,0.015309767675830699,0.015309767675830699,0.016701564575782868,0.0,0.0,0.0034794924719250275,0.0034794924719250275,0.01391796988770011,0.01391796988770011,0.014613868337676195,0.0034794924719250275,0.0034794924719250275,0.0034794924719250275,0.011830274537771857,0.011830274537771857,0.010438477637819688,0.011830274648794159,0.011830274648794159,0.005567188043897886,0.011134376087795772,0.009742579187843603,0.009742579187843603,0.009046680737867518,0.008350782287891434,0.008350782287891434,0.011830274537771857,0.011830274537771857,0.011830274537771857,0.011830274537771857,0.012526172987747941,0.07654883660279665,0.09116270449638364,0.011830274537771857,0.011830274537771857,0.011830274537771857,0.011830274537771857,0.011830274537771857,0.011134376087795772,0.011134376087795772,0.011134376087795772,0.008350782287891434,0.008350782287891434,0.011134376087795772,0.011134376087795772,0.011134376087795772,0.011134376087795772
1954,0.003995752617669268,0.003995752617669268,0.003995752617669268,0.007991505235338536,0.007991505235338536,0.009323422922591362,0.0,0.0,0.0,0.0,0.01731492860201911,0.01798088788973473,0.022642598906941203,0.0,0.0,0.0,0.003995752617669268,0.003995752617669268,0.003995752617669268,0.005993629148548507,0.005993629148548507,0.00332979399608746,0.00332979399608746,0.00332979399608746,0.002663835152461047,0.002663835152461047,0.00332979399608746,0.00332979399608746,0.003995752617669268,0.003995752617669268,0.003995752617669268,0.003995752617669268,0.007991505235338536,0.06260012502812273,0.05394266339164844,0.003995752617669268,0.003995752617669268,0.003995752617669268,0.003995752617669268,0.003995752617669268,0.00332979399608746,0.00332979399608746,0.00332979399608746,0.00332979399608746,0.00332979399608746,0.00332979399608746,0.00332979399608746,0.00332979399608746,0.00332979399608746
1955,0.010108951342679973,0.010108951009613065,0.012004379712493574,0.012004379712493574,0.012004379712493574,0.012004379712493574,0.0,0.0,0.0006318094381008166,0.0006318094381008166,0.01263618915059439,0.012636188984060936,0.010740760281180428,0.0012636188762016332,0.0012636188762016332,0.0012636188762016332,0.005054475504806533,0.006318094492030468,0.00442266623323917,0.005054475671339986,0.005054475671339986,0.0025272377524032663,0.003790856517582597,0.003790856517582597,0.003790856517582597,0.003790856517582597,0.0025272377524032663,0.0025272377524032663,0.003159047246015234,0.003159047246015234,0.003159047246015234,0.003159047246015234,0.006318094492030468,0.06633998789196127,0.07897617915197941,0.003159047246015234,0.003159047246015234,0.003159047246015234,0.003159047246015234,0.0025272377524032663,0.003159047246015234,0.003159047246015234,0.003159047246015234,0.003790856517582597,0.005054475504806533,0.003790856517582597,0.003790856517582597,0.003790856517582597,0.003790856517582597
1956,0.008523374006585982,0.008523374006585982,0.008523374006585982,0.00913218656251047,0.009740999118434956,0.010349811674359444,0.0,0.0,0.0018264373347065543,0.0018264373347065543,0.014611499121741645,0.014611498677652435,0.01339387356580346,0.0018264373347065543,0.0018264373347065543,0.0018264373347065543,0.004261687003292991,0.004261687003292991,0.004261687003292991,0.004870499559217478,0.004870499559217478,0.007305749338826217,0.007305749338826217,0.007305749338826217,0.007305749338826217,0.007305749338826217,0.014002686121727947,0.014002686121727947,0.012176249342132905,0.012176249342132905,0.012176249342132905,0.014611498677652435,0.01826437312502094,0.09375711540471343,0.07305749205599454,0.014611498677652435,0.01582912290132299,0.01582912290132299,0.01582912290132299,0.014611498677652435,0.014611498677652435,0.014611498677652435,0.014611498677652435,0.007914561450661495,0.007914561450661495,0.007914561450661495,0.007914561450661495,0.007914561450661495,0.007914561450661495
1957,0.0073670438638373525,0.0073670438638373525,0.0073670438638373525,0.012467305410268636,0.01190060938682791,0.011333913363387182,0.0,0.0,0.0,0.0,0.009067131045981114,0.009067131045981114,0.030601566614052444,0.0034001741422429177,0.0034001741422429177,0.0034001741422429177,0.00396686994363904,0.00396686994363904,0.00396686994363904,0.00396686994363904,0.00396686994363904,0.00396686994363904,0.00396686994363904,0.00396686994363904,0.006800348284485835,0.006800348284485835,0.00396686994363904,0.00396686994363904,0.00396686994363904,0.00396686994363904,0.00396686994363904,0.005666956681693591,0.010767218228124875,0.07593722028964578,0.07593722028964578,0.00396686994363904,0.00396686994363904,0.00396686994363904,0.00396686994363904,0.00396686994363904,0.0034001741422429177,0.00396686994363904,0.00396686994363904,0.00396686994363904,0.005100261102342074,0.005100261102342074,0.005100261102342074,0.005100261102342074,0.005100261102342074
1958,0.009522985733312339,0.007842459126550239,0.007842459126550239,0.007842459126550239,0.007842459126550239,0.008402634144033527,0.0005601756281059522,0.0005601756281059522,0.002240702512423809,0.002240702512423809,0.007282282943332774,0.00728228322088853,0.009522985955356944,0.002240702512423809,0.002240702512423809,0.002240702512423809,0.003361053657613411,0.003361053657613411,0.003361053657613411,0.003361053657613411,0.003361053657613411,0.0028008781960409124,0.003361053657613411,0.003361053657613411,0.003361053657613411,0.003361053657613411,0.002240702512423809,0.002240702512423809,0.003361053657613411,0.003361053657613411,0.003361053657613411,0.003361053657613411,0.004481405024847618,0.06498037352642427,0.053776861186349834,0.003361053657613411,0.003361053657613411,0.003361053657613411,0.003361053657613411,0.003361053657613411,0.0028008781960409124,0.003361053657613411,0.003361053657613411,0.003921229563275119,0.004481405024847618,0.004481405024847618,0.004481405024847618,0.004481405024847618,0.003361053657613411
1959,0.011255528120646119,0.01071955058051799,0.01071955058051799,0.01822323636435641,0.018223236253334107,0.01768725965689555,0.0,0.0,0.0005359775401281297,0.0005359775401281297,0.015007370901543027,0.013399438891781301,0.019831168762696194,0.0026798876451294973,0.0026798876451294973,0.0026798876451294973,0.0032158653517910807,0.0032158653517910807,0.0026798876451294973,0.0026798876451294973,0.0026798876451294973,0.0026798876451294973,0.002143910160512519,0.0026798876451294973,0.0026798876451294973,0.0026798876451294973,0.002143910160512519,0.002143910160512519,0.003751842836408059,0.003751842836408059,0.003751842836408059,0.004287820321025038,0.012327483034368925,0.08736434020661932,0.07074903296544477,0.0037518428919192104,0.003751842836408059,0.003751842836408059,0.004823797805642016,0.0032158653517910807,0.0032158653517910807,0.0032158653517910807,0.0032158653517910807,0.0032158653517910807,0.0032158653517910807,0.0032158653517910807,0.0032158653517910807,0.0032158653517910807,0.0032158653517910807
1960,0.006609095826171085,0.005664939184413242,0.005664939184413242,0.01746689548554059,0.01746689548554059,0.017938974750109082,0.0,0.0,0.0,0.0,0.02171560109509585,0.02124352249666117,0.022187679249441317,0.0,0.0,0.0,0.008025330622274396,0.009913643239656267,0.006137017560803315,0.009913644016812384,0.01085779988141411,0.008969487375054541,0.009441565751444614,0.009441565751444614,0.013218190986208356,0.011801956745216557,0.008497408998664469,0.008497408998664469,0.008969487375054541,0.008969487375054541,0.008969487375054541,0.011329878368826485,0.025492226995993406,0.0878065595788513,0.08261369777162741,0.008969487375054541,0.008969487375054541,0.008969487375054541,0.008969487375054541,0.008969487375054541,0.010857799992436412,0.010857799992436412,0.010857799992436412,0.006609095493104178,0.008497408998664469,0.006609095493104178,0.006609095493104178,0.006609095493104178,0.006609095493104178
1961,0.00818081336007026,0.00818081336007026,0.00818081336007026,0.012055934667243307,0.012055934917043487,0.012486504274988874,0.001722276432580827,0.001722276432580827,0.00043056910814520677,0.00043056910814520677,0.012486504274988874,0.012055934917043487,0.017222764936430934,0.0,0.0,0.0,0.004305690914918614,0.004305690914918614,0.004305690914918614,0.004305690914918614,0.004305690914918614,0.0038751220010624365,0.004305690914918614,0.0060279674585217435,0.008611381829837228,0.006889105730323308,0.007319674644179486,0.007319674644179486,0.006458536816467131,0.006458536816467131,0.006458536816467131,0.006458536816467131,0.012486504274988874,0.08223870093249097,0.060710243166006705,0.00818081336007026,0.008611381829837228,0.009041951187782615,0.009041951187782615,0.007319674644179486,0.006458536816467131,0.006458536816467131,0.006458536816467131,0.006458536816467131,0.006458536816467131,0.006458536816467131,0.006458536816467131,0.006458536816467131,0.006458536816467131
1962,0.005881072961955169,0.006273144670387865,0.00666521637882056,0.014506647438849996,0.014506647438849996,0.015290790855715386,0.0,0.0,0.0011762146812088758,0.0011762146812088758,0.01137007493712261,0.011370074659566853,0.01333043275764112,0.0,0.0,0.0,0.0035286438215820226,0.0035286438215820226,0.0031365723351939323,0.004312787016402808,0.004312787016402808,0.004312787016402808,0.0035286438215820226,0.003920715307970113,0.003920715307970113,0.0035286438215820226,0.004704858391768596,0.005096929989178989,0.005096929989178989,0.005096929989178989,0.005096929989178989,0.005096929989178989,0.01411457528632809,0.07449359290534474,0.05528208635308118,0.005096929989178989,0.005096929989178989,0.005096929989178989,0.005096929989178989,0.004704858724835503,0.004704858724835503,0.004704858724835503,0.004704858724835503,0.0031365723351939323,0.0031365723351939323,0.0031365723351939323,0.004312787016402808,0.004312787016402808,0.004312787016402808
1963,0.014211003096509245,0.01196716059581604,0.013463055559270742,0.018324715189699248,0.018324714190498526,0.019446636301267972,0.0,0.0,0.0,0.0,0.019446635440845128,0.01795074133781327,0.0190726626714266,0.0,0.0,0.001869868926362983,0.016828819227043823,0.018324714190498526,0.012341134336679715,0.01495895074477005,0.013089081818407067,0.010845239373225013,0.008975370668906635,0.008975370668906635,0.01196716059581604,0.011219213114088689,0.011967160706838342,0.01196716059581604,0.010471265632361337,0.010845239373225013,0.01196716059581604,0.01196716059581604,0.01533292426358912,0.06955911768802281,0.07217693667738168,0.011219213225110991,0.012341134336679715,0.016454846374358567,0.015706898892631216,0.010471265632361337,0.011219213114088689,0.011219213114088689,0.010097291891497662,0.013089081818407067,0.01533292426358912,0.013463055559270742,0.013463055559270742,0.013463055559270742,0.01196716059581604
1964,0.009801320505209432,0.009424346636421888,0.009424346636421888,0.010932241778505158,0.011309215786070581,0.011309215786070581,0.0,0.0,0.0,0.0,0.012440138030811454,0.010555268659118155,0.019225666836319988,0.0007539477375750891,0.0007539477375750891,0.0007539477375750891,0.003769738743386597,0.003769738743386597,0.003769738743386597,0.003769738743386597,0.003769738743386597,0.003769738743386597,0.0030157909503003566,0.003769738743386597,0.00414671275095202,0.00414671275095202,0.0030157909503003566,0.0030157909503003566,0.002638817164779539,0.002638817164779539,0.0022618431572141162,0.002638817164779539,0.007916451494338617,0.06559345422374463,0.061446739918480375,0.002638817164779539,0.003769738743386597,0.004900660321993655,0.005277634329559078,0.0030157909503003566,0.005277634329559078,0.005277634329559078,0.005277634329559078,0.0033927647358211743,0.0033927647358211743,0.0033927647358211743,0.0033927647358211743,0.0033927647358211743,0.0033927647358211743
1965,0.004014420074138769,0.003679885063334609,0.003679885063334609,0.011708725544679055,0.012043260610994366,0.012377795677309678,0.0,0.0,0.0006690700216083201,0.0006690700216083201,0.0076943054150291346,0.006690700438127806,0.008697909836818951,0.0010036049769013289,0.0010036049769013289,0.0013381400432166402,0.002341745020117969,0.0026762800864332803,0.002341745020117969,0.0030108150972374403,0.0026762800864332803,0.002341745020117969,0.0030108151527485916,0.003679885063334609,0.0030108151527485916,0.003345350219063903,0.004348955195965232,0.004683490040235938,0.002341745020117969,0.003679885063334609,0.003679885063334609,0.003679885063334609,0.007025235060353907,0.07493584230910955,0.05854362628010534,0.003679885063334609,0.004683490040235938,0.005018025106551249,0.005018025106551249,0.0030108151527485916,0.0030108151527485916,0.003345350219063903,0.0030108151527485916,0.0016726751095319514,0.002341745020117969,0.0016726751095319514,0.0020072099538026578,0.0020072099538026578,0.0020072099538026578
1966,0.01082790679340917,0.00796169619121656,0.008280164109919497,0.010827906404831111,0.010827906571364565,0.013057181114106697,0.0,0.0,0.0,0.00031846783543620916,0.00828016402665277,0.007643228272513625,0.0140125846481709,0.00031846783543620916,0.00031846783543620916,0.00031846783543620916,0.0031846782988509403,0.0035031462175538763,0.0031846782988509403,0.0031846782988509403,0.0031846782988509403,0.0028662106021926093,0.0028662106021926093,0.0025477426834896733,0.0035031462175538763,0.0038216141362568123,0.0038216141362568123,0.0038216141362568123,0.0031846782988509403,0.004140082054959748,0.004140082054959748,0.004140082054959748,0.008598631140444013,0.0767507470911255,0.06273816280377709,0.0038216141362568123,0.0038216141362568123,0.0038216141362568123,0.0038216141362568123,0.0028662106021926093,0.0028662106021926093,0.0028662106021926093,0.0028662106021926093,0.0031846782988509403,0.0031846782988509403,0.0028662106021926093,0.0031846782988509403,0.0031846782988509403,0.0031846782988509403
1967,0.0057328283231683486,0.004525916974529309,0.004525916974529309,0.01206911248718967,0.012672567883953434,0.012672567883953434,0.0,0.0,0.0,0.0,0.009051834504170131,0.009051833949058619,0.010560473329146447,0.0009051834282125526,0.0009051834282125526,0.0009051834282125526,0.0045259172520850655,0.005129372926404585,0.003922461466743243,0.004827644894955796,0.00422418938716973,0.0033190059589571774,0.0027155502291265066,0.0036207337128502104,0.004224189442680881,0.003922461466743243,0.0033190059589571774,0.0033190059589571774,0.004827644950466947,0.005129372926404585,0.005129372926404585,0.005431100458253013,0.006939739449762783,0.06155247267436437,0.060043834015921504,0.005129372926404585,0.005129372926404585,0.006638011917914355,0.006638011917914355,0.003922461466743243,0.004827644950466947,0.004827644950466947,0.004827644950466947,0.0030172779830195395,0.0033190059589571774,0.0033190059589571774,0.0033190059589571774,0.0033190059589571774,0.0033190059589571774
1968,0.009729509087286203,0.009451523119707872,0.009451523119707872,0.021126934091064697,0.021126933091863975,0.02223887740626651,0.0,0.0,0.0008339579027349941,0.0008339579027349941,0.013065340587203877,0.014177284235472598,0.02140492005864303,0.0016679158054699883,0.0019459016620260172,0.0019459016620260172,0.005281733272965994,0.0058377054301672615,0.004447775481253302,0.00555971946258893,0.00555971946258893,0.0033358316109399766,0.0033358316109399766,0.0036138176895406104,0.0033358316109399766,0.0030578455323393428,0.002223887740626651,0.002223887740626651,0.0036138176895406104,0.0033358316109399766,0.0033358316109399766,0.0036138176895406104,0.006393677143279319,0.06449274703168584,0.06004496821976346,0.0038918033240520344,0.00500374763845457,0.00500374763845457,0.00500374763845457,0.0036138176895406104,0.0038918033240520344,0.0038918033240520344,0.0038918033240520344,0.0033358316109399766,0.0036138176895406104,0.0033358316109399766,0.0033358316109399766,0.0033358316109399766,0.0033358316109399766
1969,0.006722078893517391,0.005601732411264493,0.005601732411264493,0.018205629892520392,0.019045890198299276,0.017645456651393943,0.0,0.0,0.0,0.0,0.012323811304781884,0.011763638063655435,0.01680519767788269,0.0016805197233793479,0.0016805197233793479,0.0016805197233793479,0.002240692964505797,0.0025207795850690218,0.0019606063439425725,0.0025207795850690218,0.0025207795850690218,0.0019606063439425725,0.0019606063439425725,0.002240692964505797,0.0019606063439425725,0.002240692964505797,0.002240692964505797,0.002240692964505797,0.002240692964505797,0.0025207795850690218,0.0025207795850690218,0.0025207795850690218,0.0036411260673219203,0.07198226281701636,0.07030174486999385,0.002240692964505797,0.0025207795850690218,0.0025207795850690218,0.0025207795850690218,0.002240692964505797,0.0028008662056322464,0.003080952826195471,0.003080952826195471,0.0036411260673219203,0.00420129930844837,0.003080952826195471,0.003921212687885145,0.003921212687885145,0.003921212687885145
1970,0.007562749648748479,0.0064823568735050685,0.0064823568735050685,0.015935793684640487,0.016746087183605596,0.016746087183605596,0.0,0.0,0.00027009819381085265,0.00027009819381085265,0.009453436367046208,0.008913240812091772,0.020797561228746986,0.0010803927752434106,0.0010803927752434106,0.0010803927752434106,0.004321571156484794,0.004591669267028919,0.0037813747688630883,0.0037813747688630883,0.004051472962673941,0.0024308837165420982,0.0024308837165420982,0.0027009818825973753,0.0027009818825973753,0.0024308837165420982,0.003781374796618664,0.0037813747688630883,0.0035112766028078113,0.0048617674330841965,0.0048617674330841965,0.0048617674330841965,0.009183338534057839,0.07886867559037114,0.07535739865449642,0.0035112766028078113,0.004051472934918365,0.0051318655991394735,0.0051318655991394735,0.0035112766028078113,0.0035112766028078113,0.004321571100973642,0.004321571100973642,0.004051472934918365,0.004321571100973642,0.0035112766028078113,0.0035112766028078113,0.0037813747688630883,0.0037813747688630883
1971,0.009792418431686656,0.008976384080483513,0.008704372334022992,0.018224779019249127,0.018224779907427546,0.018224779907427546,0.0,0.0,0.000544023270876437,0.0002720116354382185,0.013056558723079092,0.012784546754573967,0.01958483730746252,0.000544023270876437,0.000544023270876437,0.000544023270876437,0.004080174420550975,0.004080174420550975,0.003808162674090454,0.004080174420550975,0.004352186055989193,0.002720116354382185,0.002448104829966269,0.002720116354382185,0.002448104829966269,0.002720116354382185,0.0038081627851127564,0.003808162674090454,0.004352186167011496,0.004896209659932538,0.005168220962303849,0.005168220962303849,0.009792419319865076,0.07126705003912548,0.06283469100587524,0.004624197913472017,0.004624197913472017,0.004896209659932538,0.004896209659932538,0.004080174420550975,0.003536151371719143,0.003536151371719143,0.003536151371719143,0.003808162674090454,0.004624197913472017,0.004080174420550975,0.004080174420550975,0.004080174420550975,0.004080174420550975
1972,0.008470732393295322,0.007676601576633857,0.007941311608306023,0.016941464786590643,0.017206176039508136,0.01694146511965755,0.0,0.0,0.0005294207849892985,0.0005294207849892985,0.013764940520744062,0.013235519347176705,0.016412044612224008,0.0013235519347176705,0.0013235519347176705,0.002117683139957194,0.004764787148170413,0.005823628690393434,0.0039706558041530116,0.00450007658914231,0.0055589180480986045,0.005029497263109306,0.0037059455504362404,0.004235366279914388,0.004500076755675764,0.004235366279914388,0.005294207655603955,0.005294207738870682,0.005558918214632058,0.006882470149349729,0.006617759673588353,0.007147180625111105,0.010588415477741364,0.06353049308849279,0.050559685327300485,0.0060883390828880835,0.00608833916615481,0.006617759673588353,0.007676601576633857,0.005823628690393434,0.005294207738870682,0.005294207738870682,0.005294207738870682,0.00476478723143714,0.005029497263109306,0.005029497263109306,0.005029497263109306,0.005029497263109306,0.005029497263109306
1973,0.010074976186658091,0.007079713260083054,0.007079713260083054,0.019060764966383204,0.019333063150384078,0.019877656853850567,0.0002722966574442154,0.0002722966574442154,0.0,0.0,0.013342536409055583,0.013342535964966373,0.014976316631276632,0.0010891866297768615,0.0010891866297768615,0.0010891866297768615,0.003539856630041527,0.003539856630041527,0.003539856630041527,0.0038121532874857422,0.003539856630041527,0.003539856630041527,0.003267560000352887,0.003267560000352887,0.003539856630041527,0.0038121532597301666,0.0029952632041307936,0.0029952631486196424,0.003267560000352887,0.004356746519107446,0.004356746519107446,0.004356746519107446,0.008168899334748403,0.05854378160030649,0.053097847785288366,0.003267560000352887,0.004356746519107446,0.004356746519107446,0.004356746519107446,0.003539856630041527,0.0029952631486196424,0.0029952631486196424,0.0029952631486196424,0.003539856630041527,0.004356746519107446,0.003539856630041527,0.003539856630041527,0.003539856630041527,0.003539856630041527
1974,0.006836467503212873,0.006563008803084358,0.0068364673921905705,0.017501357696403375,0.017227897330940323,0.016680980152727898,0.0002734587001285149,0.0002734587001285149,0.0002734587001285149,0.0002734587001285149,0.011211806927313717,0.011485265183353022,0.017227899107297162,0.0013672935006425746,0.0013672935006425746,0.0013672935006425746,0.005742632702698813,0.005742632591676511,0.0030080458124359666,0.0038284216907769064,0.0038284216907769064,0.0035549629906483915,0.0035549629906483915,0.0035549629906483915,0.0035549629906483915,0.0030080458124359666,0.003281504401542179,0.0035549629906483915,0.004375339202056239,0.004922256380268664,0.004922256380268664,0.005195715413464086,0.008750678404112477,0.07137271995638628,0.054691740025702984,0.004375339313078541,0.004375339202056239,0.004922256380268664,0.004922256380268664,0.0035549629906483915,0.003281504401542179,0.003281504401542179,0.003281504401542179,0.004101880612950026,0.004648797791162451,0.004101880612950026,0.004375339202056239,0.004375339202056239,0.004648797791162451
1975,0.009705126924330898,0.007278845082225871,0.007548432101600611,0.01455769005342944,0.0156360382419507,0.01671438454309282,0.0,0.0,0.0010783474113651437,0.0013479342086952784,0.010244300019390806,0.010244300518991167,0.018601492124403762,0.0010783474113651437,0.0010783474113651437,0.0013479342086952784,0.004313389756482877,0.005122150259495584,0.005391736834781113,0.005391736834781113,0.005122150259495584,0.0035046290314255657,0.0035046290314255657,0.004582976664835314,0.004582976664835314,0.004043802626085835,0.0037742160508003053,0.0037742160508003053,0.004852563240120844,0.005661323854155853,0.005661323854155853,0.005661323854155853,0.00808760525217167,0.056074063836675236,0.053378198416886846,0.004582976664835314,0.004852563240120844,0.004852563240120844,0.004313389645460575,0.004313389645460575,0.004043802626085835,0.004043802626085835,0.004043802626085835,0.004852563240120844,0.005391736834781113,0.005122150259495584,0.006200497448816122,0.007278845082225871,0.006739671487565602
1976,0.01018234496719117,0.009138001466624246,0.009138001466624246,0.016709489458754945,0.017231659654726172,0.01932034621177081,0.0,0.0,0.0010443430564777145,0.0010443430564777145,0.01566514590267687,0.015404060249579743,0.016448402861968248,0.002088686112955429,0.002088686112955429,0.002088686112955429,0.005482801213041455,0.005743886699605127,0.005743886699605127,0.007832572701538254,0.008876915980060573,0.003916286406280278,0.004960629684802598,0.004960629684802598,0.004177372225910858,0.004960629684802598,0.004177372225910858,0.004177372225910858,0.004177372225910858,0.004177372225910858,0.004177372225910858,0.004960629684802598,0.009921259369605195,0.06318275558303554,0.05221715193570731,0.005482801157530304,0.006004972519235707,0.006527144158496867,0.006527144158496867,0.0036552005866496984,0.004438458045541438,0.004960629684802598,0.004960629684802598,0.0052217155044331776,0.006266058338866287,0.0052217155044331776,0.005482800879974548,0.005482800879974548,0.0052217155044331776
1977,0.006418856196566125,0.006162101939821696,0.006162101939821696,0.013094466844165709,0.01335122146173262,0.013864729808688026,0.0010270170269777168,0.0010270170269777168,0.0002567542567444292,0.0002567542567444292,0.010526924387743719,0.010526924221210265,0.017202534841054273,0.0010270170269777168,0.0010270170269777168,0.0010270170269777168,0.004108068052399716,0.004108068107910867,0.002310788227433136,0.0028242967964331456,0.002310788227433136,0.0012837713114777216,0.0010270170269777168,0.0012837713114777216,0.0010270170269777168,0.0012837713114777216,0.0010270170269777168,0.0010270170269777168,0.0020540340539554336,0.0028242967964331456,0.0028242967964331456,0.0028242967964331456,0.005391839419388589,0.051350850238662815,0.0480130466495865,0.0020540340539554336,0.002310788227433136,0.002310788227433136,0.0025675426229554432,0.0017972797694554288,0.001540525484955424,0.001540525484955424,0.001540525484955424,0.0017972797694554288,0.002310788227433136,0.0017972797694554288,0.0020540340539554336,0.0020540340539554336,0.0020540340539554336
1978,0.006093158533282406,0.005077632092564954,0.004823750732185772,0.017263948715040556,0.01853335795942712,0.01954888340094385,0.0,0.0,0.0005077632203587257,0.0005077632203587257,0.00863197491263179,0.008631975134676395,0.012186317621676324,0.0005077632203587257,0.0005077632203587257,0.0005077632203587257,0.0015232896333206014,0.0017771712990111155,0.0010155264407174514,0.0010155264407174514,0.0010155264407174514,0.0020310528814349027,0.0015232897165873283,0.00228493446385869,0.0020310528814349027,0.0015232897165873283,0.0012694080231412386,0.0012694080231412386,0.0017771712990111155,0.0017771712990111155,0.0017771712990111155,0.0017771712990111155,0.006347040226728495,0.055092310935478395,0.04899915051481685,0.0012694080231412386,0.0012694080231412386,0.0012694080231412386,0.0012694080231412386,0.0015232897165873283,0.0012694080231412386,0.0012694080231412386,0.0012694080231412386,0.00228493446385869,0.00228493446385869,0.0020310528814349027,0.00228493446385869,0.0020310528814349027,0.0020310528814349027
1979,0.005877401010323524,0.004897834138262169,0.004652942475757982,0.01248947745224882,0.012979261221346405,0.013224152439761383,0.0,0.0,0.0,0.0,0.010775235148585693,0.010775235814719508,0.0193464453346337,0.0009795668720613548,0.0009795668720613548,0.0009795668720613548,0.0026938087871464234,0.002693808953679877,0.0019591337441227097,0.0029387006161840645,0.0031835922231771008,0.0014693503080920323,0.0012244585345655423,0.0012244585345655423,0.0014693503080920323,0.0014693503080920323,0.0012244585345655423,0.0019591337441227097,0.0024489170691310846,0.0024489170691310846,0.0024489170691310846,0.0024489170691310846,0.008081427083084236,0.05559041860170311,0.03893778371955037,0.0019591337441227097,0.0034284841632370444,0.0034284841632370444,0.0034284841632370444,0.0014693503080920323,0.0014693503080920323,0.0014693503080920323,0.0014693503080920323,0.002204025406626897,0.002693808953679877,0.0019591337441227097,0.0019591337441227097,0.0019591337441227097,0.002204025406626897
1980,0.00817961542942669,0.006495576965193095,0.006255000073451811,0.011788269249635164,0.01299115393038619,0.011788269027590559,0.0004811538389937198,0.0004811538389937198,0.0002405769194968599,0.0002405769194968599,0.008179615262893236,0.0069767307486756636,0.010825961682670027,0.0007217307862461553,0.0007217307862461553,0.0007217307862461553,0.0014434615724923106,0.0014434615724923106,0.0014434615724923106,0.0024057691672130233,0.003127499925703603,0.0014434615724923106,0.0012028845697287238,0.0012028845697287238,0.0007217307862461553,0.0004811538389937198,0.0009623076779874395,0.0009623076779874395,0.001924615355974879,0.0021651922477161634,0.0021651922477161634,0.0024057691394574476,0.004330384495432327,0.05509211542520376,0.09887711238665275,0.0016840384642335948,0.0016840384642335948,0.001924615355974879,0.001924615355974879,0.0014434615724923106,0.0009623076779874395,0.0009623076779874395,0.0009623076779874395,0.0014434615724923106,0.0014434615724923106,0.0016840384642335948,0.0016840384642335948,0.0016840384642335948,0.0016840384642335948
